product_id,base_demand,base_price,profit_margin,total_revenue
P234890,2.0000,157.60500000000002,37.865,592.86
P228204,1.0000,24.73,-2.62,24.73
P213892,1.0000,175.58,13.44,166.8
P208689,1.0000,63.67,2.14,63.67
P228063,1.5000,25.919999999999998,0.6849999999999999,84.89999999999999
P214062,1.5000,48.775,24.155,140.68
P201363,1.0000,191.01,21.91,364.69
P216691,1.0000,15.66,1.535,30.25
P202751,1.0000,12.045,0,18.52
P207782,1.0000,10.91,-1.89,10.91
P217648,1.0000,6.61,0.52,5.95
P212540,1.0000,16.22,3.58,16.22
P245991,1.0000,10.56,-4.23,9.5
P205339,1.5000,6.470000000000001,0.025000000000000022,18.76
P227020,2.0000,21.4,7.045,85.6
P227609,4.0000,12.63,5.13,40.42
P205848,1.0000,376.555,99.13000000000001,748.28
P216877,3.0000,16,12.32,48
P218405,1.3333,291.45000000000005,58.623333333333335,1602.39
P248629,1.0000,50.52,11.48,50.52
P246233,2.5000,15.665,7.405,70
P221471,1.0000,23.205,2.59,46.41
P203302,1.0000,94.795,5.015000000000001,189.59
P214437,1.0000,176.45,55.09,176.45
P247930,2.0000,345.57,166.76,587.47
P214512,3.0000,12.49,11.4,37.47
P232436,1.0000,157.21,33.34,133.63
P223511,2.0000,11.24,1.78,22.48
P205022,1.5000,11.899999999999999,-1.25,44.629999999999995
P243239,2.0000,221.79500000000002,115.27000000000001,887.1800000000001
P206155,1.0000,54.93,7.33,46.69
P231480,1.0000,43.53,11.656666666666666,123.02
P238022,1.0000,225.28500000000003,24.115000000000002,849.54
P225332,1.0000,27.395,6.455,53.67
P204354,2.0000,12.84,-4.27,25.68
P231847,2.0000,8.89,3.22,17.78
P235284,2.0000,33.9,18.75,67.8
P248640,1.0000,17.94,2.16,35.88
P210156,2.5000,47.71,36.78,215.41
P222453,1.0000,45.145,8.24,84.46
P232689,1.0000,297.65,67.52,267.88
P223758,1.0000,6.2,-2,6.2
P208838,1.5000,500.22499999999997,59.27,1036.5
P245502,1.0000,97.145,26.564999999999998,187.2
P243790,1.0000,313.25,28.63,313.25
P237976,1.6667,98.14666666666665,24.313333333333333,307.32
P249346,1.6667,31.399999999999995,5.986666666666667,105.22
P213725,2.0000,15.285,1.9099999999999997,55.7
P209337,1.0000,7.33,-0.93,7.33
P210701,1.0000,66.14,12.969999999999999,113.9
P229811,1.0000,32.335,4.175,64.67
P243043,2.5000,199.06,113.295,985.73
P238978,1.0000,8.29,0.75,8.29
P229316,2.0000,402.13,86.58,804.26
P211544,1.2500,430.9475,46.47,1710.4
P221514,2.0000,6.52,-3.69,13.04
P216327,1.0000,5.38,-1.97,4.84
P246809,2.5000,90.39500000000001,90,680.38
P216705,1.0000,134.37,25.33,114.21
P210479,3.0000,122.85,95.92,368.55
P211323,1.0000,11.285,0.06499999999999999,22.57
P212937,1.0000,10.46,1.57,10.46
P223089,1.0000,225.41500000000002,26.689999999999998,450.83000000000004
P201702,1.2500,82.05499999999999,17.28,346.16999999999996
P210404,1.0000,64.73,12.76,121.69
P233598,1.0000,20.24,-3.12,20.24
P208380,1.0000,120.065,28.28,213.76999999999998
P221990,1.0000,111.45333333333333,29.776666666666667,334.36
P232859,2.5000,23.645,8.365,80.81
P203877,1.0000,3.96,-2.81,3.17
P242871,1.6667,13.113333333333335,1.9300000000000004,45.839999999999996
P218720,3.0000,150.12,149.37,450.36
P207676,1.2500,48.44,4.5675,186.66
P231818,1.0000,217.48,57.57,217.48
P234348,2.0000,16.18,6.6,32.36
P248555,1.6667,16.13,5.300000000000001,95.61
P242368,2.3333,328.6933333333333,94.72000000000001,2514.19
P248180,2.0000,20.73,8.13,41.46
P224130,1.0000,23.16,1.67,23.16
P233241,2.5000,359.33,26.845000000000002,595.82
P244392,1.0000,70.325,16.565,136.5
P249421,1.0000,12.225,0.23499999999999988,24.45
P226620,1.0000,137.66,41.17,137.66
P217077,2.5000,70.02,35.595,261.33
P212663,1.0000,420.59000000000003,45.224999999999994,794.71
P217799,3.0000,12.92,6.74,38.76
P247285,1.0000,3.04,-1.69,3.04
P217619,2.5000,124.35499999999999,25.66,315.53
P203967,1.0000,18.51,3.32,17.58
P227488,1.0000,71.36,21.96,60.66
P213211,1.0000,26.125,6.35,52.25
P221169,1.3333,45.80666666666667,13.76,176.88
P230373,2.3333,396.3966666666666,113.64333333333333,2881.8599999999997
P232669,1.5000,139.195,52.545,429.6
P206634,2.0000,42.785,28.485,159.56
P200840,1.5000,13.975000000000001,1.25,33.64
P234229,1.0000,5.15,-2.06,4.89
P221318,3.0000,57.185,34.285,245.33999999999997
P215405,1.5000,125.785,62.135000000000005,369.90999999999997
P247771,1.0000,425.28,47.795,850.56
P236240,1.0000,17.35,-0,15.62
P215847,1.0000,136.735,11.690000000000001,265.99
P223547,2.6667,29.63,11.980000000000002,232.88000000000002
P206575,1.2500,141.99249999999998,60.745000000000005,944.3299999999999
P230123,1.0000,239.28,45,191.42
P204843,1.0000,58.089999999999996,15.335,116.17999999999999
P227451,2.0000,16.98,9.42,33.96
P207739,1.5000,235.175,41.055,572.09
P214852,2.3333,54.78666666666667,69.76,744.57
P249092,1.5000,64.295,15.190000000000001,146.1
P209157,3.0000,22.03,16.12,62.79
P222406,3.0000,41.085,35.815,225.09
P247284,1.0000,33.345,6.035,63.36
P245200,2.0000,70.98,10.19,141.96
P207432,1.0000,674.26,87.39500000000001,1348.52
P218837,1.0000,13.88,-0.45,13.88
P215148,1.0000,53.93,10.97,53.93
P211194,1.0000,15.585,1.18,28.67
P232591,2.5000,17.495,5.55,71.11
P214819,4.0000,44.08,51.19,167.5
P206625,1.0000,274.73,67.42999999999999,528.4
P207404,1.0000,49.61666666666667,11.15333333333333,145.6
P214674,1.5000,24.785,9.245,62.239999999999995
P210507,1.0000,11.77,-0.25,9.42
P220387,1.0000,269.26,21.794999999999998,457.90999999999997
P218697,1.0000,4.84,-1.07,4.84
P237391,2.0000,16.78,8.24,33.56
P219547,1.0000,10.98,2.65,10.98
P223570,1.5000,42.345,14.56,140.01
P239783,1.0000,27.13,5.985,51.54
P228037,2.5000,20.720000000000002,21.205000000000002,133.83
P230083,2.0000,350.27000000000004,36.615,676.69
P248029,1.0000,82.06,5.505,147.71
P240550,1.0000,12.82,2.03,12.82
P237982,1.0000,37.95,-0.18999999999999995,71
P239706,2.0000,33.76,-0.04,67.52
P202988,1.3333,87.50333333333333,15.446666666666665,238.76
P205156,2.0000,50.376666666666665,29.203333333333333,314.93
P238280,1.0000,19.57,2.27,18.59
P209788,1.0000,22.56,-4,21.43
P214185,1.5000,57.065,29.27,198.14
P218734,1.0000,35.91,9.38,32.32
P209971,1.0000,344.88333333333327,43.79666666666666,916.95
P243408,2.0000,12.64,4.77,22.75
P206487,1.6667,98.91666666666667,25.83333333333333,296.8
P220997,1.0000,31.17,1.49,28.05
P246456,1.0000,117.37,27.785,221.06
P212452,1.0000,202.785,15.18,399.53
P215372,2.0000,227.51666666666665,54.00333333333333,1274.2799999999997
P244767,2.5000,404.935,187.64000000000001,3230
P213434,4.0000,96.31,36.62,385.24
P212416,2.6667,44.129999999999995,23.373333333333335,312.69
P219248,1.5000,163.305,88.235,630.1800000000001
P246713,1.0000,862.36,93.42,862.36
P228194,1.0000,30.09,8.195,57.83
P233785,1.0000,4.21,-0.39,4.21
P237458,2.6667,122.50333333333333,98.89333333333333,1242.22
P208373,1.0000,31.13,5.43,31.13
P230283,1.0000,267.28,56.9,213.82
P229415,1.3333,200.26333333333332,27.650000000000002,642.0899999999999
P226414,1.5000,170.415,28.035,516.5899999999999
P214378,2.0000,87.085,46.51,399.96
P218336,1.0000,31.3,4.68,31.3
P204700,1.0000,145.09,28.05,130.58
P213901,1.0000,15.385000000000002,1.8450000000000002,29.82
P224838,1.0000,95.86333333333333,9.42,285.55
P222597,2.0000,14.16,6.905,58.46
P233428,1.5000,17.560000000000002,2.855,48.12
P240149,1.5000,89.895,22.655,184.86
P235687,2.0000,16.27,10.12,32.54
P229493,2.0000,57.129999999999995,19.115,218.8
P231852,1.0000,40.65,-1.64,40.65
P210932,2.0000,101.64,45.73,193.12
P223009,1.0000,171.02,39.37,171.02
P233583,2.0000,3.89,-3.59,7.39
P247278,2.0000,94.23,15.96,188.46
P227994,3.0000,806.31,251.43,2177.04
P229865,1.0000,97.9,20.45,93
P212289,1.0000,99.52,19.68,99.52
P228293,1.0000,608.76,63.71,1157.47
P204734,1.0000,154.865,10.085,292.51
P220013,1.0000,331.04,85.7,331.04
P235521,1.5000,9.540000000000001,3.5050000000000003,35.82
P206505,1.0000,26.91,5.08,26.91
P244327,1.0000,75.63250000000001,15.757499999999999,282
P247673,1.0000,49.21,8.49,49.21
P204685,2.0000,41.02,25.95,82.04
P249353,1.6667,37.96333333333333,4.996666666666666,162.55
P218409,1.0000,57.32,9.83,57.32
P219517,1.5000,142.85,16.32,263.14
P244533,1.0000,37.86,11.24,37.86
P230475,2.0000,99.51,48.53,189.07
P236989,3.0000,536.075,311.815,5329.32
P215327,1.5000,38.612500000000004,15.602499999999997,265.79
P203671,1.0000,17.81,-3.72,14.25
P204941,1.0000,49.2,13.3,49.2
P226372,1.0000,236.98,19.88,236.98
P212466,3.0000,17.23,-0.16000000000000014,78.34
P218286,1.5000,28,7.0200000000000005,59.300000000000004
P244959,3.0000,20.09,15.5,57.26
P204588,4.0000,13.27,-0.45,53.08
P228080,1.6667,114.09666666666665,48.163333333333334,539.69
P224544,2.0000,38.120000000000005,7.005,82.98
P210811,1.5000,119.97,15.35,385.63
P218733,1.0000,26.26,4.94,21.01
P240696,1.0000,176.95,32.48,141.56
P248093,1.0000,33.7,-3.72,33.7
P239888,4.0000,1.99,-1.28,7.96
P247042,1.0000,7.78,1.04,7.39
P230059,1.0000,537.23,54.72,537.23
P237487,1.0000,139.48000000000002,30.310000000000002,275.34000000000003
P240849,1.0000,23.515,2.615,47.03
P214550,2.5000,376.985,86.06,1606.85
P249122,2.0000,27.49,13.16,54.98
P210864,1.3333,19.026666666666667,2.74,58.94
P225394,1.0000,277.59666666666664,24.97666666666667,807.6700000000001
P219061,1.5000,243.89,25.985,565.4300000000001
P249699,1.0000,50.95,9.65,35.66
P212624,2.0000,57.0825,7.57,248.92
P224934,1.0000,21.91,4.93,21.91
P203361,1.3333,42.94333333333333,9.76,165.68
P213707,1.0000,323.62,86.8,323.62
P201924,1.0000,188.78,14.834999999999999,341.78
P229487,1.0000,1.02,-2.12,1.02
P212647,1.0000,168.36333333333332,41.169999999999995,499.34
P231734,1.0000,31.43,3.8,59.72
P229018,1.0000,66.2,13.79,198.25
P221627,1.0000,27.9,4.87,55.8
P221031,1.5000,7.03,-2.005,19.990000000000002
P239449,1.6667,213.78666666666666,67.47666666666667,1672.9399999999998
P202701,1.5000,104.315,26.185,225.23000000000002
P246943,1.0000,32.11,-1.92,32.11
P242890,2.3333,143.44333333333336,16.286666666666665,510.18000000000006
P249573,1.5000,173.75500000000002,28.9,586.63
P216719,2.0000,118.03,50.19,212.45
P209718,2.0000,44.075,21.14,184.82
P200056,1.0000,35.125,5.865,68.28999999999999
P246741,1.0000,36.43,5.24,34.61
P215352,1.0000,90.56,18.52,86.03
P247820,1.0000,11.94,-3.85,11.34
P203147,1.0000,215.45,52.56,215.45
P203537,4.0000,7.6,5.17,28.88
P222812,1.0000,140.11,31.38,242.21
P200721,1.0000,28.369999999999997,5.7250000000000005,56.739999999999995
P245037,1.0000,156.82500000000002,8.445,222.14
P216769,1.0000,62.43,7.7,53.07
P240194,2.0000,312.51,100.83333333333333,2594.35
P246556,1.0000,95.63,17.71,95.63
P246775,1.5000,141.285,70.56,533.96
P243847,1.0000,196.785,19.32,393.57
P214346,1.0000,125.6,31.66,113.04
P239883,4.0000,78.03999999999999,100.715,624.3199999999999
P210911,1.0000,140.25,41.54,140.25
P200259,1.0000,141.955,32.08,268.79
P220872,2.0000,58.04,33.6,116.08
P208791,1.3333,148.96,16.72,459.95
P207536,1.0000,30.435,5.395,57.93
P220432,1.2500,88.125,23.709999999999997,478.62
P232750,1.0000,309.15,26.13,293.69
P241715,2.5000,142.345,64.63,592.25
P244537,1.0000,278.95,21.67,237.11
P219541,1.0000,135.15,39.54,135.15
P243718,1.0000,5.26,0.25,4.73
P216860,1.0000,16.22,2.43,16.22
P205283,1.0000,43.71666666666667,10.909999999999998,128.97
P230743,1.0000,139.34750000000003,31.404999999999998,507.05000000000007
P242559,1.0000,50.735,13.925,98.69
P235127,1.0000,126.01,29.96,126.01
P207405,1.0000,1002.375,110.695,2004.75
P231181,1.0000,119.82,35.55,119.82
P232205,1.0000,545.2249999999999,59.730000000000004,1090.4499999999998
P224408,1.0000,11.88,-3.75,10.1
P217645,1.0000,6.23,-1.36,5.3
P247125,1.0000,922.9033333333333,95.44333333333333,2552.62
P206323,1.0000,60.81,11.53,60.81
P205937,1.0000,106.86,21.38,101.52
P243798,1.0000,104.75,16.444,501.36
P230431,1.0000,57.9,16.58,49.22
P217882,1.0000,428.38,140.14,428.38
P225324,2.0000,73.02,9.38,131.44
P213003,1.0000,35.26,9.02,31.73
P243346,1.5000,12.389999999999999,-1.135,27.94
P225106,2.5000,75.33500000000001,39.47,353.34000000000003
P212979,1.0000,61.13,9.87,55.02
P234977,1.0000,838.28,224.02,838.28
P244828,1.0000,26.76,5.63,26.76
P207228,1.0000,8.39,2.08,8.39
P209300,1.3333,128.62333333333333,26.973333333333333,454.91999999999996
P208681,2.0000,95.375,31.224999999999998,340.06
P240964,1.0000,64.48,12.32,64.48
P208267,1.0000,86.19000000000001,3.035,139.32000000000002
P205372,1.0000,28.53,7.78,28.53
P238918,2.0000,40.24,14.78,72.43
P210920,2.0000,135.855,43.155,801.39
P248769,1.0000,6.73,-1.51,6.06
P216856,2.0000,309.625,82.355,930.29
P227785,2.0000,22.36,9.73,44.72
P247915,1.0000,25.35,5.58,25.35
P217221,1.0000,157.79,12.38,157.79
P225178,1.0000,234.95,58.73,223.2
P233954,1.0000,54.68,-2.65,46.48
P206461,1.0000,65.695,6.585,122.13
P217865,1.0000,76.74,16.74,76.74
P244232,1.0000,11.8,2.59,11.8
P214052,3.0000,54.88,32.8,353.76
P230370,1.0000,10.36,-1.1849999999999998,20.21
P207332,1.0000,73.51,11.69,66.16
P249383,1.0000,52.769999999999996,1.8699999999999999,95.58999999999999
P200327,1.0000,156.68,8.63,141.01
P222765,1.0000,228.34500000000003,28.62,442.14
P205239,1.0000,46.13,13.61,92.26
P210078,1.0000,6.58,-2.01,6.58
P207038,1.0000,21.29,2.04,21.29
P208048,1.7500,122.07499999999999,33.66,889.1800000000001
P228671,2.0000,104.37,39.873333333333335,1018.44
P214954,2.0000,12.635,7.845,63.989999999999995
P235065,1.5000,12.85,3.02,31.66
P245471,2.0000,61.88,43.09,123.76
P202779,1.0000,311.23,27.58,311.23
P246474,1.0000,165.945,34.685,643.3100000000001
P213225,2.0000,89.44,50.395,347.89
P240086,2.0000,45.01,24.69,90.02
P232541,2.0000,105.2,66.31,168.32
P219720,1.0000,48.55,7.03,46.12
P213531,1.0000,205.66666666666666,53.76999999999999,609.34
P205335,1.6667,247.12666666666667,25.183333333333337,691.72
P209530,2.0000,39.67999999999999,8.899999999999999,100.94
P224791,1.0000,128.79500000000002,38.339999999999996,257.59000000000003
P240270,2.0000,100.89,11.083333333333334,309.55
P201649,1.0000,17.4,4.52,17.4
P213472,2.3333,94.33666666666666,77.13,919.5699999999999
P202862,1.0000,35.265,8.48,70.53
P225185,1.0000,53.215,5.135,101.24000000000001
P227134,1.0000,168.64,13.87,168.64
P200917,5.0000,71.73,34.54,358.65
P212444,1.0000,353.02,85.9,335.37
P241121,2.0000,82.83,40.9,140.81
P220521,1.0000,279.22999999999996,72.485,558.4599999999999
P238217,1.0000,57.3,15.245000000000001,114.6
P222066,3.0000,18.8,18.71,56.4
P202811,1.0000,220.64,57.09,220.64
P236189,2.2500,135.64,43.8425,1157.74
P209290,1.6667,114.27666666666669,17.45,388.28
P235489,3.0000,174.60000000000002,96.05000000000001,925.98
P227284,1.0000,61.17,10.72,55.05
P224698,2.0000,127.44,62.42,254.88
P243660,2.0000,359.53,75.71,719.06
P219637,1.0000,30.1,6.32,30.1
P248024,1.0000,18.7,-4.45,16.83
P233556,1.0000,77.57,2.26,77.57
P216640,1.0000,33.766666666666666,4.613333333333333,101.3
P204025,1.6667,27.096666666666664,2.5900000000000003,143.41
P231476,1.0000,16.27,2.19,16.27
P206741,1.0000,5.115,-0.15500000000000003,9.9
P203654,1.0000,288.05,26.67,288.05
P246348,1.0000,60.95666666666667,7.326666666666667,178.66
P240428,2.0000,73.99333333333333,21.279999999999998,374.75
P236019,1.0000,130.27,9.805,237.76000000000002
P238036,1.0000,59.99,14.04,59.99
P244549,1.3333,23.093333333333334,7.953333333333333,118.6
P229843,1.0000,8.4,-0.84,14.61
P223560,3.0000,51.02,47.33,153.06
P246257,2.0000,121.9,65.53,243.8
P247899,1.0000,78.39,2.5,74.47
P240330,1.0000,14.44,-0.61,13.72
P215987,1.6667,327.50333333333333,75.88333333333333,1262.59
P220810,1.3333,31.016666666666666,13.146666666666667,131.69
P220311,1.6667,62.623333333333335,36.276666666666664,454.82
P247159,1.0000,395.54,58.205,711.36
P234920,1.0000,405.15,40.08,405.15
P208738,1.0000,90.30999999999999,15.584999999999999,173.83999999999997
P207888,1.0000,33.41,6.42,33.41
P242864,2.0000,99.88,50,189.77
P205474,1.0000,13.1,-4.39,12.44
P200488,1.0000,10.41,-1.35,10.41
P224144,1.3333,10.916666666666666,-0.73,45.47
P205622,1.0000,101.01,3.62,90.91
P231830,1.0000,104.23,21.58,104.23
P236542,1.0000,13.07,-0.11,10.46
P239214,1.0000,302.19,25.43,287.08
P227648,1.0000,22.22,-2.83,20
P232697,2.0000,179.85,88.05,323.73
P225223,1.0000,199.65666666666667,41.54666666666667,497.62
P221865,1.0000,22.98,5.75,22.98
P208572,3.0000,112,37.795,365.52
P240601,2.0000,14.110000000000001,2.175,36.92
P243026,2.0000,25.48,12.97,50.96
P223501,1.0000,33.855000000000004,4.1850000000000005,67.71000000000001
P226866,3.0000,50.295,19.08,207.02
P225775,3.0000,27.59,30.23,82.77
P229080,1.5000,163.98,10.375,282.63
P204887,1.3333,38.303333333333335,11.376666666666665,151.88
P219374,1.0000,5.07,0.56,5.07
P216605,1.0000,17.06,0.1449999999999998,34.12
P215684,1.0000,35.22,4.7299999999999995,70.44
P224002,1.5000,67.89,11.82,110.26
P226015,1.5000,91.33500000000001,39.58,317.25
P222972,4.0000,67.88,11.52,271.52
P200617,2.0000,16.39,6.85,60.23
P246404,1.0000,27.28,4.31,21.82
P235338,1.0000,101.13,21.405,202.26
P206309,1.0000,407.78,40.41,407.78
P219139,1.0000,136.15,28.134999999999998,246.56
P202790,2.0000,221.8733333333333,48.28333333333333,1322.2299999999998
P207826,1.0000,66.09,16.56,62.79
P212134,1.0000,221.228,23.144,1028.97
P219693,1.0000,44.99,9.58,44.99
P204054,1.0000,37.58,5.64,30.06
P216090,1.0000,18.04,3.44,18.04
P223808,1.0000,31.029999999999998,6.635,60.93
P240449,1.0000,83.905,7.235,158.55
P215569,2.0000,2.67,-0.88,5.34
P232227,1.0000,411.4,40.34,411.4
P206508,1.0000,801.48,81.18,761.41
P216608,1.0000,68.32,24.58,68.32
P223523,1.0000,11.665,1.18,23.12
P210433,1.3333,81.51666666666667,15.496666666666664,323.51
P231939,1.0000,108.7,25.9,92.4
P245112,1.0000,497.63,46.5,472.75
P224520,1.0000,4.81,0.08,4.57
P211888,1.0000,85.01,24.39,85.01
P230932,1.0000,94.09,19.73,94.09
P219734,1.6667,30.20333333333333,2.72,138
P203827,1.5000,14.035,0.28,32.239999999999995
P216257,1.0000,49.402499999999996,4.609999999999999,174.74
P232194,1.5000,30.76,9.345,101.24
P231318,3.0000,11.92,3.7,28.61
P216793,3.0000,23.3,21.9,62.91
P234684,3.0000,66.81,52.7,170.37
P228014,1.2500,155.0475,22.5975,652.09
P202859,1.6667,36.26333333333333,11.753333333333332,167.86
P239840,1.0000,9.13,0.29,9.13
P231856,2.0000,44.796666666666674,6.946666666666666,182
P248291,1.5000,25.705,6.709999999999999,56.65
P234819,1.6667,289.4166666666667,52.696666666666665,1432.5
P220085,2.0000,4.84,-0.24,9.68
P208214,1.0000,42.015,8.395,84.03
P235736,2.0000,311.03,60.87,590.96
P241704,1.0000,14.83,-0.56,10.38
P200601,1.0000,38.95,9.32,38.95
P224318,2.0000,68.61666666666666,22.136666666666667,264.31
P215451,2.0000,117.61999999999999,89.39333333333333,1036.74
P246025,1.0000,414.445,39.845,823.88
P205274,5.0000,36.18,71.29,171.86
P218226,4.0000,10.88,9.83,34.82
P243634,2.0000,30.83,19.11,55.49
P230926,1.3333,38.42666666666667,16.206666666666667,195.79999999999998
P245136,1.0000,285.29,24.53,285.29
P219046,1.5000,42.525000000000006,12.58,114.4
P208674,1.0000,37.6,9.194999999999999,72.68
P219023,2.0000,168.61499999999998,36.505,408.65
P221910,1.0000,89.38,17.49,84.91
P248230,1.6667,38.86333333333334,18.48,205.75
P211503,2.0000,161.32,102.76,322.64
P248392,4.0000,7.26,4.16,20.33
P247138,1.0000,414.85,35.09,373.36
P205368,1.0000,9.57,2.41,9.09
P223527,1.0000,24.32,2.44,24.32
P245335,1.0000,140.19,31,243.69
P222487,1.0000,10.62,0.65,10.62
P236593,1.0000,35.77,5.7,35.77
P210391,1.0000,357.61,63.69,715.22
P209874,1.0000,275.03,22.5,275.03
P203608,1.0000,438.13,43.8,438.13
P230451,1.0000,362.01,44.12,687.82
P239646,2.0000,84.46000000000001,40.230000000000004,270.27
P233786,1.0000,45.35,7.18,31.74
P227546,2.0000,5.26,-1.62,9.47
P242378,1.0000,10.38,-3.39,10.38
P235268,1.0000,29.12,5.85,29.12
P202667,2.0000,17.59,6.4,35.18
P242346,2.0000,109.15,47.43,196.47
P205230,2.0000,57.45,5.27,103.41
P225720,2.0000,132.49,64.31,264.98
P243023,1.0000,236.96,58.16,236.96
P237602,1.0000,372.76,115.54,354.12
P201546,4.0000,30.490000000000002,42.75,243.92000000000002
P215050,2.0000,41.714999999999996,22.36,158.51999999999998
P247817,1.0000,69.34,2.08,117.71
P230134,1.0000,135.92666666666665,33.33,396.80999999999995
P215640,1.0000,11.76,-2.4,11.76
P220828,1.0000,4.15,-2.46,4.15
P214284,2.0000,48.050000000000004,47.464999999999996,235.01999999999998
P203423,2.0000,35.555,31.365000000000002,178.48
P228577,1.0000,19.36,1.275,34.089999999999996
P219070,1.0000,230.66,55.34,207.59
P202332,1.5000,82.555,23.654999999999998,171.96
P206066,1.0000,52.175000000000004,7.35,96.15
P218040,2.0000,14.920000000000002,6.3549999999999995,57.739999999999995
P238806,3.0000,21.88,20.27,65.64
P208583,1.5000,39.905,15.52,135.8
P238057,1.0000,61.68,11.49,58.6
P222604,1.0000,187.07,43.36,187.07
P226564,1.0000,344.04,32.34,344.04
P233064,1.0000,9.65,-1.87,8.68
P222857,1.5000,44.36,5.055,173.25
P228941,1.0000,4.75,-0.92,4.04
P237962,1.0000,16.06,1.62,14.45
P238573,1.0000,137.2,31.31,137.2
P245565,3.0000,23.07,21.96,69.21
P225692,1.0000,38.8,5.805,73.72
P216879,3.0000,600.56,204.23,1801.68
P235763,2.0000,47.00333333333333,14.543333333333335,192.27
P216477,1.0000,165.56,40.36,157.28
P245680,1.0000,158.51,36.68,158.51
P206393,1.0000,46.13,11.18,36.9
P233488,1.5000,105.975,32.69,244.02
P221459,1.0000,91.99,10.53,245.49000000000004
P239093,1.0000,43.343333333333334,2.393333333333333,130.03
P212554,1.0000,311.42,26.5,295.85
P237867,1.0000,165.27,13.66,165.27
P212568,1.5000,49.019999999999996,13.295,126.09
P236794,1.0000,17.395,1.8449999999999998,34.79
P245015,2.6667,551.0433333333333,137.04333333333332,3325.96
P205057,1.5000,48.95,6.03,133.95999999999998
P217490,1.0000,122.56333333333333,22.176666666666666,343.99
P205305,1.0000,66.63,-1.39,66.63
P232740,1.0000,467.92,122.96,467.92
P244682,1.0000,376.56,34.67,357.73
P224118,1.0000,86.07,18.14,86.07
P206674,1.0000,12.07,1.12,12.07
P242331,1.3333,93.79666666666668,22.326666666666668,274.8
P224998,2.0000,25.28,10.9,50.56
P215316,3.6667,118.26333333333334,103.45666666666666,1394.67
P216217,1.0000,22.12,3.63,22.12
P202005,1.0000,115.64,15.7,231.28
P245509,1.0000,176.9,41.01,176.9
P214602,2.0000,3.45,-1.89,5.52
P221645,1.3333,50.00666666666667,3.0766666666666667,163.6
P245371,1.0000,75.9,1.62,72.1
P213987,1.0000,25.84,-1.74,23.26
P249915,1.0000,179.87,42.88,179.87
P213543,2.5000,44.685,27.814999999999998,189.24
P227944,1.0000,65.28,10.68,65.28
P209144,1.0000,13.95,0.56,13.25
P243882,1.0000,28.86,4.97,25.97
P238459,1.0000,821.32,90.24,821.32
P239827,5.0000,29.65,30.27,133.43
P230741,1.0000,247.05000000000004,35.193333333333335,732.1100000000001
P204479,1.0000,2.95,-1.17,2.95
P204198,1.0000,59.18,9.95,59.18
P209091,2.0000,257.13,135.81,514.26
P247836,2.0000,177.865,33.495,693.62
P204205,2.0000,25.86,12.21,46.55
P203641,1.0000,24.39,2.36,21.95
P203543,1.0000,161.44,38.17,161.44
P248192,1.0000,35.62,7.99,33.84
P205591,5.0000,581.71,303.5,2617.7
P244601,1.0000,77.49,9.299999999999999,219.33999999999997
P229341,1.0000,60.45,21.04,60.45
P229055,1.0000,122.65,22.32,104.25
P206116,1.0000,88.73,24.75,88.73
P200761,2.3333,30.293333333333333,18.993333333333336,241.56
P202407,1.0000,16.6,1.44,14.11
P231594,2.0000,27.660000000000004,9.025,102.85000000000001
P200885,5.0000,56.15,87.76,280.75
P232195,2.0000,33.015,7.05,60.06999999999999
P235411,1.0000,7.31,0.69,7.31
P227819,5.0000,77.18,98.52,385.9
P211125,1.0000,49.36,8,49.36
P221494,3.6667,137.75666666666666,74.03666666666668,1866.96
P234236,1.0000,8.59,0.17,8.59
P224585,1.0000,133.63,53,133.63
P222045,3.0000,136.65,41.57,409.95
P222447,2.0000,11.824,-0.17400000000000002,110.5
P246134,1.0000,56.79,13.845,106.1
P226238,1.0000,495.4,44.24,445.86
P239091,3.0000,22.85,22.22,68.55
P241703,1.0000,9.18,-0.43,9.18
P235196,2.3333,37.836666666666666,12.273333333333335,222.34
P211685,1.0000,29.11,0.41,29.11
P212738,1.0000,145.03,10.28,145.03
P242076,1.0000,218.21,69.24,218.21
P248647,1.0000,95.59,20.555,190.71
P215772,2.0000,96.95,65.945,417.52
P210633,1.0000,6.5,0.79,4.55
P223492,3.0000,11.47,8.45,34.41
P243961,1.0000,89.67,20.04,89.67
P248049,1.0000,16.365000000000002,0.35000000000000003,32.730000000000004
P236855,1.3333,65.09,17.71,225.19
P206228,2.5000,67.495,17.45,134.44
P202831,1.0000,378.9,37.5,378.9
P220045,1.5000,70.16,16.015,164.57
P218132,1.0000,61.004999999999995,12.37,107.30000000000001
P211055,3.0000,17.215,9.129999999999999,73.14
P213795,1.0000,15.09,-1.735,30.18
P240320,1.0000,46.205,7.25,92.41
P219648,1.0000,29.95,8.01,57.01
P222158,1.0000,117.135,10.88,233.5
P221747,2.5000,485.335,163.27499999999998,2075.01
P223234,1.0000,25.05,-5.43,21.29
P247373,2.0000,95.95666666666666,32.690000000000005,386.76
P231560,1.0000,9.9,-2.32,9.4
P211282,2.5000,266.95500000000004,34.38,717.48
P233831,1.0000,2.87,-3,2.87
P223043,1.0000,90.31,18.21,90.31
P246112,1.0000,64.5,0.1,51.6
P220929,2.0000,16.119999999999997,1.7,56.160000000000004
P248666,1.0000,4.64,-0.42,4.64
P235500,2.0000,80.46499999999999,8.21,164.1
P201872,1.0000,19.22,-2.48,19.22
P237488,1.0000,136.82,11.8,273.64
P201969,2.0000,274.96,147.625,1008.98
P225460,1.0000,82.065,6.245,155.42
P212155,2.0000,60.82,27.42,121.64
P211870,1.0000,19.01,2.09,19.01
P249470,1.0000,131.43,30.44,131.43
P228392,1.0000,2.39,-0.52,2.27
P203717,1.0000,19.66,0.98,19.66
P201374,1.0000,23.69,-1.22,21.32
P221826,1.3333,176.09,14.003333333333332,491.93
P208679,1.2500,39.515,3.84,192.76
P249602,2.5000,36.425,20.86,178.60000000000002
P213427,4.0000,152.26,181.83,548.14
P223564,3.0000,31.95,21.7,95.85
P234708,1.7500,13.7975,8.4875,108.72
P235135,1.0000,293.745,21.07,470.43
P244196,2.0000,3.36,-4.19,6.38
P224271,1.0000,3.06,-1.88,2.91
P216631,1.0000,79.5,8.97,55.65
P219887,1.0000,209.53333333333333,23.876666666666665,547.1
P225259,1.0000,29.305,8.695,58.12
P232396,3.0000,728.33,251.13,2184.99
P249630,1.0000,27.13,4.77,27.13
P219144,1.5000,476.28000000000003,49.555,878.14
P212655,1.0000,22.200000000000003,2.595,44.400000000000006
P240736,3.0000,99.905,32.415,266.31
P249060,3.5000,421.22,237.565,2403.32
P220836,1.3333,287.75333333333333,58.71333333333333,989.73
P247511,1.0000,39.35,7.95,35.42
P201368,2.0000,56.69,21.38,90.7
P234994,2.0000,47.72,13.04,108.3
P244456,2.0000,218.06,112.98,436.12
P236380,1.0000,18.58,1.66,15.79
P212199,1.5000,569.795,76.53,1405.92
P242802,1.0000,17.89,0.33,16.1
P211569,1.0000,13.535,2.715,26.810000000000002
P233827,1.0000,144.92,42.41,144.92
P231182,1.0000,13.99,1.52,13.29
P213115,2.0000,243.755,73.275,1287.9599999999998
P221649,2.0000,302.75,59.91,575.22
P218195,3.0000,135.02,110.28,405.06
P230596,1.0000,49.85,9.895,96.92
P234961,2.0000,96.335,9.74,285.24
P227003,2.5000,55.2425,30.927500000000002,534.77
P216551,1.5000,10.85,2.505,29.439999999999998
P248896,3.5000,19.36,22.695,128.68
P223826,2.5000,78.02,52.635,356.34999999999997
P236950,2.0000,150.45499999999998,111.235,847.62
P224729,2.0000,39.6,19.14,75.24
P203868,1.0000,79.24333333333333,16.68,237.48
P241274,2.0000,35.24,18.73,70.48
P238718,1.0000,184.64333333333335,16.433333333333334,480.34000000000003
P232353,3.0000,70.63,51.53,211.89
P241682,2.0000,95.15,46.45,180.78
P230653,1.0000,16.4,-4.93,13.12
P214141,1.3333,42.55666666666667,13.75,163.86
P211537,1.0000,730.11,65.24,620.59
P230401,1.0000,10.91,1.29,10.91
P227387,1.3333,247.27666666666667,48.52,1184.56
P216154,1.0000,16.195,1.2699999999999998,29.060000000000002
P235077,1.0000,46.66,9.42,41.99
P206630,1.0000,77.265,16.125,152.88
P243461,1.0000,13.42,-0.18,13.42
P214778,1.0000,124.58,36.12,124.58
P244293,1.0000,168.085,26.674999999999997,326.83000000000004
P223070,1.0000,99.555,15.295,140.48
P213416,1.0000,109.02,7.27,109.02
P249501,1.0000,274.2,67.23,274.2
P225399,2.0000,4.74,0.1,9.48
P208629,2.3333,31.02,12.783333333333333,185.63
P208360,1.0000,16.77,-4,15.09
P212011,1.0000,38.8,6.86,38.8
P240721,1.5000,37.855000000000004,13.17,116.06
P236069,2.5000,66.26,74.75,472.24
P211227,1.0000,190.125,30.735,367.79
P239587,2.0000,78.48,10.68,156.96
P244550,2.3333,96.22000000000001,36.190000000000005,424.62
P202769,2.0000,18.49,7.83,36.98
P210492,1.0000,485.97,48.44,485.97
P203345,2.5000,96.41,70.96,448.69
P202665,1.0000,285.93666666666667,70.68333333333332,821.54
P224807,1.3333,61.556666666666665,3.72,177.88
P243552,1.0000,62.23,3.04,62.23
P212366,1.5000,41.85,18.225,163.28
P209325,1.0000,13.030000000000001,1.5,24.48
P205440,1.6667,47.116666666666674,17.49,244.25
P228222,1.3333,400.2066666666667,57.14000000000001,1626.06
P226951,1.0000,14.27,-2.3,13.56
P239878,1.0000,155.36,10.24,139.82
P220264,1.0000,256.11,58.31,243.3
P219121,1.0000,45.43,10.23,45.43
P218815,1.0000,14.64,3.68,13.91
P244263,3.0000,45.97,32.99,96.54
P230311,2.6667,14.883333333333333,1.7566666666666668,84.45
P242397,1.0000,235.81,56.79,235.81
P219749,2.0000,78.58,20.965,416.21999999999997
P229218,3.0000,74.88499999999999,61.55,403.2
P215533,2.0000,198.53,36.06,377.21
P244133,1.6667,83.02666666666666,56.330000000000005,656.9499999999999
P244867,1.0000,144.84333333333333,15.38,410.62
P201316,1.0000,102.415,5.815,190.86
P237972,1.6667,223.99,24.673333333333336,590.1700000000001
P221388,1.5000,202.56,98.41499999999999,740.77
P213512,1.0000,83.52,1.16,58.46
P200684,1.0000,2.45,0.67,2.45
P227164,1.0000,23.945,2.5549999999999997,47.89
P239208,2.0000,266.305,80.22,1025.65
P211735,1.0000,288.32,30.049999999999997,576.64
P235855,3.0000,71.31,50.05,203.23
P242635,1.5000,17.384999999999998,5.234999999999999,65.28
P238546,1.0000,8.46,-1.92,8.04
P248797,1.0000,13.19,-2.62,13.19
P208079,1.5000,100.755,34.555,248.60000000000002
P222412,2.0000,53.555,12.015,125.18
P235862,2.0000,159.27,59.525,622.9000000000001
P219191,2.0000,316,85.36,2215.0299999999997
P214821,1.0000,40.56,8.87,38.53
P207582,1.0000,876.3149999999999,101.78,1739.31
P209012,2.0000,76.165,11.895,187.31
P233655,4.0000,5.06,-2.9,20.24
P244688,3.0000,89.97999999999999,29.215,515.36
P238783,1.5000,62.745,1.7600000000000002,135.54
P214530,1.5000,30.025,9.52,68.96000000000001
P220377,1.6667,148.37333333333333,23.650000000000002,476.67
P245221,1.3333,120.58333333333333,48.84,581.46
P221653,1.0000,16.64,3.1450000000000005,33.28
P240276,1.5000,17.634999999999998,3.105,41
P220380,1.0000,9,0.46,9
P200556,5.0000,142.01,202.56,710.05
P226790,1.0000,27.57,3.63,26.19
P208900,5.0000,21.59,39.68,107.95
P233485,1.0000,71.075,13.825,142.15
P236433,1.0000,3.36,-2.88,3.36
P213891,2.5000,138.5,126.16,943.12
P243104,1.0000,353.09,32.44,335.44
P215014,1.0000,281.28999999999996,28.520000000000003,561.87
P206547,1.0000,58.04,13.93,58.04
P237964,2.2500,91.0675,25.060000000000002,511.31000000000006
P229932,1.0000,97.15,5.1,97.15
P244739,1.5000,4.7,-0.29500000000000004,14.010000000000002
P220263,1.0000,15.47,-2.77,12.38
P219320,1.0000,154.79,37.97,154.79
P247984,1.0000,54.56,4.683333333333334,159.79000000000002
P243374,1.0000,81.675,17.025,294.37
P239459,1.0000,49.66,10.05,47.18
P207045,2.0000,64.54,40.32,342.87
P243255,1.0000,98.7,21.1,98.7
P201237,1.0000,23.145,1.395,42.8
P243077,1.0000,178.845,41.815,357.69
P239240,1.5000,65.89,32.445,254.2
P236326,2.5000,118.235,104.31,795.75
P205293,5.0000,802.6,444.73,3812.35
P225274,1.0000,39.21,-4.68,35.29
P219237,1.0000,20.37,5.32,20.37
P228384,1.0000,65.9,15.31,65.9
P230993,1.0000,25.994999999999997,4.075,51.989999999999995
P212811,1.0000,16.89,2.495,33.2
P218229,3.0000,2.34,-0.42,7.02
P239130,2.0000,35.19,10.18,49.27
P213311,1.0000,61.37,18.28,55.23
P223040,1.0000,3.86,-2.4,3.67
P203182,1.0000,7.1,-1.68,6.74
P247066,2.5000,204.81,110.235,835.9399999999999
P249615,1.0000,44.27,7.33,39.84
P205760,2.0000,48.972500000000004,27.575,430.47999999999996
P207260,5.0000,886.29,519.09,4431.45
P233218,1.5000,8.975,0.30999999999999994,19.2
P246475,3.0000,9.97,-5.12,23.93
P201915,1.0000,12.629999999999999,0.20000000000000007,23.41
P209115,1.0000,41.87,8.71,37.68
P207076,1.0000,76.24,3.37,68.62
P214814,2.0000,8.34,-2.32,32.86
P233083,1.0000,24.67,6.15,24.67
P204793,4.0000,33.04,38.2,125.55
P201262,1.0000,42.07,6.26,42.07
P209319,1.6667,98.42333333333333,41.199999999999996,493.33
P213194,1.3333,434.22999999999996,85.45333333333333,2213.76
P219309,1.0000,326.86333333333334,38.35333333333333,980.59
P228760,1.0000,3.09,-3.11,3.09
P226998,1.0000,21.8475,-0.9474999999999999,87.39
P203468,1.0000,12.85,-1.31,12.21
P246642,1.0000,123.50999999999999,30.84,234.5
P212651,1.0000,246.68,17.03,222.01
P220405,1.0000,101.39,27.43,101.39
P214482,2.5000,21.905,11.145,104.86000000000001
P204409,1.5000,116.88,31.805,261.09999999999997
P200547,1.0000,33.68,4.425,61.690000000000005
P237659,1.0000,21.84,1.5499999999999998,38.49
P219907,1.0000,18.12,-4.18,18.12
P223426,1.0000,6.49,-1.225,12.93
P242489,2.6667,41.14,38.43666666666667,425.13
P214436,2.0000,250.5,117.44,450.9
P216490,5.0000,16.83,28.75,79.94
P228962,2.0000,56.45,36.39,95.96
P238236,1.0000,73.16,16.09,73.16
P229288,1.0000,356.24,64.855,690.7
P222236,2.0000,210.02,43,420.04
P214923,1.0000,127.54,10.31,371.62
P201250,1.0000,224.07,18.474999999999998,381.23999999999995
P213264,1.0000,33.69,4.98,30.32
P201611,1.0000,1549.82,137.59,1239.86
P207928,1.5000,104.535,21.685,175.82000000000002
P234558,1.0000,784.29,74.73,705.86
P200867,2.0000,868.41,166.9,1476.3
P231689,1.0000,460.7,51.044999999999995,921.4
P245213,1.0000,117.30333333333333,30.14333333333333,351.90999999999997
P233095,3.0000,142.68,49.02,903.25
P203816,1.0000,109.13000000000001,25.259999999999998,218.26000000000002
P232626,1.0000,71.44000000000001,10.976666666666667,188.74999999999997
P235916,1.0000,12.76,1.85,12.76
P247838,1.0000,28.41,2.66,26.99
P211573,1.3333,406.7866666666667,116.19666666666666,1255.64
P243334,1.0000,19.63,1.46,19.63
P218939,2.0000,21.405,0.18000000000000016,67.36
P213157,1.0000,54.025,8.79,108.05
P209322,1.6667,450.9633333333333,58.99333333333333,1712.19
P202482,1.0000,300.5,71.69,285.47
P235867,1.0000,13.17,3.06,13.17
P244280,1.0000,9.31,-0.18,8.84
P213675,1.0000,22.66,2.9,18.13
P230420,1.0000,120.04,34.18,102.03
P242516,1.0000,69.29,16.42,62.36
P213850,1.0000,69.86666666666667,15.256666666666666,204.31
P206732,1.0000,27.58,1.85,24.82
P240753,1.5000,41.64,-0.645,95.28
P245468,2.0000,8.21,3.565,39.96
P238822,1.0000,119.69666666666667,16.13,354.6
P249720,1.5000,13.620000000000001,-0.9249999999999999,38.23
P234422,2.3333,426.8533333333333,175.87666666666667,4564.76
P232731,1.0000,129.01,38.02,129.01
P211428,1.0000,18.16,-0.88,18.16
P211311,1.0000,65.66499999999999,18.485,131.32999999999998
P203733,2.0000,68.345,37.625,210.58
P239579,3.0000,106.035,38.495,625.82
P208342,1.0000,14.27,0.6,28.04
P210464,1.0000,9.49,0.82,9.49
P248514,2.0000,126.095,41.834999999999994,353.41999999999996
P245311,1.5000,24.84,7.364999999999999,63.12
P210300,1.0000,18.93,1.19,15.14
P234563,1.0000,81.785,11.370000000000001,152.97
P248960,1.0000,5.83,0.19,4.66
P213708,1.0000,144.595,16.310000000000002,289.19
P228090,1.0000,134.745,15.55,269.49
P249151,1.5000,32.114999999999995,10.915000000000001,108.91
P241308,3.0000,39.77,20.435000000000002,130.28
P216328,1.0000,11.975,-1.865,20.28
P226654,1.5000,76.67,12.7,304.84
P206214,1.0000,22.15,4.82,22.15
P238913,1.0000,38.85,-4.17,33.02
P227552,2.0000,121.94250000000001,31.7125,511.24000000000007
P235377,1.0000,318.61,49.025,607.9300000000001
P225734,1.0000,464.88,121.5,464.88
P224721,1.3333,32.690000000000005,-0.3166666666666667,122.02000000000001
P218610,2.0000,618.3100000000001,212.3466666666667,5438.13
P213622,1.0000,157.58,38.85,157.58
P228875,1.0000,224.54,55.67,213.31
P223226,2.0000,65.055,27.06,182.37
P227677,1.0000,95.645,30.355,191.29
P210298,1.0000,405.6,125.57,385.32
P235848,2.0000,4.02,2.02,7.64
P233755,1.0000,556.8249999999999,61.06,1113.6499999999999
P217744,1.0000,29.314999999999998,3.505,51.5
P223434,1.5000,18.97,7.17,50.67
P240314,1.5000,47.705,20.79,154.83
P248001,1.0000,86.42,17.14,172.84
P201726,1.0000,22.1,-2.54,19.89
P248917,1.0000,4.12,-0.48,4.12
P214268,1.0000,73.89,21.73,73.89
P246745,2.0000,30.24,22.92,60.48
P200907,1.0000,14.84,1.02,13.36
P225759,2.0000,47.055,12.32,105.78
P213764,3.0000,74.385,85.105,539.5899999999999
P224409,1.0000,503.85,133.26,503.85
P208390,4.0000,21.19,30.28,80.52
P230172,2.0000,9.469999999999999,2.605,37.879999999999995
P235223,1.0000,142.45,43.01,142.45
P240542,1.5000,291.7,63.934999999999995,1127
P247324,1.0000,134.45,32.66,134.45
P248196,3.0000,18.544999999999998,10.51,74.78
P203365,1.0000,51.07,9.280000000000001,102.14
P225836,1.3333,40.946666666666665,8.616666666666665,146.82
P228554,1.0000,14.25,4.55,14.25
P221663,2.0000,101.295,17.905,243.01
P205951,1.0000,17.15,4.06,17.15
P215175,1.0000,34.2,6.03,32.49
P211027,1.0000,50.96,16.34,50.96
P242273,1.3333,77.40333333333332,31.513333333333335,376.53999999999996
P210094,1.5000,55.495000000000005,23.354999999999997,166.19
P223081,2.0000,611.025,132.555,2365.7200000000003
P212167,1.0000,40.68,10.309999999999999,122.04
P208769,1.3333,116.60000000000001,18.033333333333335,574.48
P223060,1.0000,22.19,3.39,21.08
P201020,1.0000,13.97,-5.56,12.57
P211845,1.0000,179.94,36.48,161.95
P236612,1.7500,64.0425,11.7375,338.70000000000005
P236341,4.0000,7.22,8.18,28.88
P210485,1.0000,40.09,6.32,40.09
P238210,2.0000,92.69,17.455,313.72
P207914,2.0000,73.29,33.81,117.26
P240719,1.5000,78.33,28.595,244.35000000000002
P208802,1.0000,11.45,-2.98,11.45
P241288,1.0000,54.81,-1.74,43.85
P233314,1.0000,689.38,174.59,654.91
P248298,1.0000,625.48,65.98,625.48
P219565,3.0000,87.21,62.05,248.55
P227617,1.0000,4.7,-0.24,4.7
P241766,1.0000,104.97,22.92,201.60000000000002
P225609,1.0000,298.89,26.93,298.89
P244233,2.0000,224.325,57.629999999999995,1096.29
P220371,1.0000,159.03,35.79,159.03
P248384,1.0000,16.955,0.825,33.91
P219124,1.0000,24.6,4.43,24.6
P212717,2.0000,12.36,0.46,24.72
P248193,2.0000,287.135,215.1,1574.92
P237669,1.0000,583.75,59.96,583.75
P226272,1.0000,53.97,16.53,51.27
P211842,3.0000,7.22,1.42,17.33
P238476,2.0000,96.065,49.945,404.28
P202082,1.0000,191.18,45.22,191.18
P226261,3.0000,5.68,1.56,17.04
P220970,5.0000,537.82,310.99,2689.1
P209795,1.0000,14.73,-3.61,14.73
P245309,4.0000,211.34,285,845.36
P233028,1.0000,24.93,2.4,23.68
P220180,1.0000,21.52,4,21.52
P246335,2.0000,50.77,35.27,310.45
P227351,1.0000,36.870000000000005,7.905000000000001,73.74000000000001
P238750,1.5000,45.845,9,96.8
P233268,3.0000,11.24,6.27,33.72
P201015,2.0000,44.68,-0.68,84.89
P243293,1.0000,51.25,5.404999999999999,101.09
P224489,1.0000,496.59,129.3,496.59
P236731,1.0000,167.55,12.48,159.17
P211866,2.0000,689.71,154.93,1379.42
P235474,1.0000,842.07,91.12,842.07
P215272,1.0000,8.32,-1.72,7.49
P232161,2.0000,39.28,22.38,74.63
P202099,2.0000,138.5,17.79,221.6
P206386,1.0000,35.91,5.76,32.32
P205338,1.0000,194.16,45.76,174.74
P208300,1.0000,24.9,1.6749999999999998,44.82
P221400,2.0000,27.65,15.62,55.3
P224641,3.5000,49.265,43.17,346.96
P204297,1.0000,80.79,15.96,76.75
P219332,3.0000,24.2,26.59,72.6
P241173,2.0000,10.9,5.12,21.8
P247862,1.0000,68.2675,15.355,272.19
P215201,1.0000,83.46666666666665,21.276666666666667,241.84999999999997
P245382,1.0000,170.74,21.509999999999998,341.48
P246129,3.0000,10.67,7.46,30.41
P233808,1.0000,141.96,33.88,141.96
P212810,1.0000,21.380000000000003,2.25,37.69
P207988,1.0000,45.845,9.195,165.76
P240327,1.0000,139.75666666666666,27.666666666666668,359.36
P219579,4.0000,45.45,47.13,154.53
P221483,1.0000,147.025,36.76,294.05
P200503,1.0000,200.85,54.32999999999999,602.55
P205344,3.0000,17.395,3.56,47.629999999999995
P208947,1.0000,18.685000000000002,0.5650000000000002,35.9
P209533,1.0000,40.24666666666667,3.793333333333333,114.81
P247576,1.0000,23.35,3.96,18.68
P240916,1.0000,56.24333333333333,11.54,168.73
P246923,1.5000,26.095000000000002,7.975,59.96
P215193,1.0000,26.929999999999996,5.463333333333334,79.13
P201381,1.0000,44.67,6.59,76.39
P207012,1.0000,154.89,37.3,154.89
P215213,1.0000,67.16,9.920000000000002,134.32
P227563,1.3333,5.093333333333333,0.033333333333333326,19.759999999999998
P215212,1.5000,144.1375,70.32,1102.77
P230124,1.0000,98.45,22.44,98.45
P246576,2.0000,64,38.57,115.2
P210711,2.0000,17.83,10.17,35.66
P230266,1.0000,26.46,4.99,26.46
P247941,2.0000,12.595,6.54,62.89
P209515,1.0000,92.535,6.71,184.03
P220193,1.0000,230.755,56.339999999999996,461.51
P244707,1.0000,17.35,1.86,15.62
P202131,1.0000,30.06,6.53,30.06
P202424,1.0000,195.77,54.36,176.19
P244344,1.0000,13.505,0.8900000000000001,26.7
P221823,1.5000,49.13,21.305,180.83
P209200,1.0000,23.46,4.04,23.46
P223031,1.0000,565.15,49.03,480.38
P203216,1.0000,77.485,19.66,150.26
P245594,1.0000,434.51,38.52,391.06
P200016,1.5000,137.275,24.6,292.86
P237438,2.0000,27.87,12.265,111.48
P226378,1.0000,38.09,9.79,34.28
P235391,2.5000,259.075,72.92999999999999,761.9
P213350,1.0000,13.52,-1.37,13.52
P249281,1.0000,69.31,19.77,65.84
P214450,1.5000,94.57,27.9,214.94
P201473,1.0000,3.18,-1.56,2.86
P225525,3.0000,7.01,3.51,21.03
P228572,2.0000,13.58,6.12,27.16
P242028,1.0000,17.13,-3.14,17.13
P237079,2.0000,313.33,61.53,595.33
P230110,1.0000,76.16,1.86,76.16
P235504,1.0000,243.32999999999998,23.71,486.61
